,Название набора,Рынок,Стадия стартапа,Сервисы,Технологии,type,Сайт
0,ED2,EdTech|HRTech,Ранний рост|Посевная,Обучение (образовательные программы)|Ментор/ консультант для поддержки развития бизнеса |Тестирование продукта |Доступ к потенциальным заказчикам,3D моделирование|AR/VR|Big Data|Аддитивные технологии|Беспилотники|Биометрия|Биотехнологии|Блокчейн|Зеленые технологии|Интернет вещей|Искусственный интеллект и машинное обучение|Компьютерное зрение|Нанотехнологии|Нейротехнологии|Новые и портативные источники энергии|Новые материалы|Робототехника,0.0,http://ed2.tech/
1,Акселератор MTS StartUp Hub ,Transport & Logistics|PropTech|InsuranceTech|RetailTech|CleanTech|FinTech|Healthcare,Ранний рост|Посевная,Инвестиции|Обучение (образовательные программы)|Ментор/ консультант для поддержки развития бизнеса |Тестирование продукта |Поддержка по юридическим / бухгалтерским вопросам |Доступ к потенциальным заказчикам|Помещение для аренды офиса|Доступ к оборудованию/ лаборатории / облачным сервисам,3D моделирование|Big Data|Интернет вещей|Искусственный интеллект и машинное обучение,2.0,https://startup.mts.ru/
2,"Отраслевой акселератор госкорпорации ""Росатом""",Transport & Logistics|IndustrialTech|CleanTech,Ранний рост|Идея|Посевная,"Обучение (образовательные программы)|Ментор/ консультант для поддержки развития бизнеса |Доступ к потенциальным заказчикам|Финансовая поддержка (субсидии, гранты и т.п.)|Доступ к оборудованию/ лаборатории / облачным сервисам",Аддитивные технологии|Новые и портативные источники энергии|Новые материалы,2.0,https://rosatom.sk.ru/
3,Фабрика туристических продуктов и сервисов (Moscow Travel HUB),Travel,Идея|Посевная,Тематические мероприятия (нетворкинг)|Обучение (образовательные программы)|Ментор/ консультант для поддержки развития бизнеса |Маркетинг и продвижение |Доступ к потенциальным заказчикам|Доступ к оборудованию/ лаборатории / облачным сервисам,3D моделирование|AR/VR|Big Data|Аддитивные технологии|Беспилотники|Биометрия|Биотехнологии|Блокчейн|Зеленые технологии|Интернет вещей|Искусственный интеллект и машинное обучение|Компьютерное зрение|Нанотехнологии|Нейротехнологии|Новые и портативные источники энергии|Новые материалы|Робототехника,1.0,https://travelhub.moscow/factory/
4,Акселератор ЧТПЗ,IndustrialTech|CleanTech,Ранний рост|Посевная,Обучение (образовательные программы)|Ментор/ консультант для поддержки развития бизнеса |Тестирование продукта |Доступ к потенциальным заказчикам,Big Data|Интернет вещей|Искусственный интеллект и машинное обучение|Новые материалы,2.0,https://chelpipe.generation-startup.ru/
5,Акселератор УБРиР,LegalTech|HRTech|Business Software|Advertising & Marketing|RetailTech|FinTech,Ранний рост|Посевная,"Обучение (образовательные программы)|Ментор/ консультант для поддержки развития бизнеса |Тестирование продукта |Доступ к потенциальным заказчикам|Финансовая поддержка (субсидии, гранты и т.п.)|Доступ к оборудованию/ лаборатории / облачным сервисам",Big Data|Биометрия|Искусственный интеллект и машинное обучение,2.0,https://ubrr.iidf.ru/
6,TechLab,Advertising & Marketing|RetailTech,Ранний рост|Посевная,Ментор/ консультант для поддержки развития бизнеса |Тестирование продукта |Помощь в выходе на международный рынок|Доступ к потенциальным заказчикам,Big Data,2.0,https://techlab.generation-startup.ru/
7,Severstal SteelTech Accelerator,Transport & Logistics|IndustrialTech|Advertising & Marketing|CleanTech,Ранний рост|Посевная,Обучение (образовательные программы)|Ментор/ консультант для поддержки развития бизнеса |Тестирование продукта |Доступ к потенциальным заказчикам|Доступ к оборудованию/ лаборатории / облачным сервисам,Big Data|Беспилотники|Зеленые технологии|Искусственный интеллект и машинное обучение|Новые и портативные источники энергии|Новые материалы,2.0,https://severstal.sk.ru/
8,BuildUP,PropTech|Business Software|RetailTech|SafetyTech|CleanTech,Ранний рост|Посевная,Обучение (образовательные программы)|Ментор/ консультант для поддержки развития бизнеса |Тестирование продукта |Доступ к потенциальным заказчикам,3D моделирование|AR/VR|Интернет вещей|Искусственный интеллект и машинное обучение|Новые материалы|Робототехника,1.0, https://buildup.sk.ru/
9,Акселератор ФРИИ,AgroTech|Cybersecurity|EdTech|Telecom|Business Software|RetailTech|E-commerce|FinTech|Healthcare,Ранний рост|Расширение,Инвестиции|Тематические мероприятия (нетворкинг)|Обучение (образовательные программы)|Ментор/ консультант для поддержки развития бизнеса |Доступ к потенциальным заказчикам,AR/VR|Big Data|Биометрия|Блокчейн|Интернет вещей|Искусственный интеллект и машинное обучение|Компьютерное зрение|Робототехника,0.0,https://www.iidf.ru/startups/accelerator/ 
10,Мастерская старта продаж ,AgroTech|Cybersecurity|EdTech|Telecom|Business Software|RetailTech|E-commerce|FinTech|Healthcare,Идея|Посевная,Тематические мероприятия (нетворкинг)|Обучение (образовательные программы)|Ментор/ консультант для поддержки развития бизнеса ,AR/VR|Big Data|Биометрия|Блокчейн|Интернет вещей|Искусственный интеллект и машинное обучение|Робототехника,0.0,https://www.iidf.ru/startups/exaccelerator/
11,Акселератор Сбербанка (совместно с ФРИИ),Transport & Logistics|Business Software|FinTech,Идея|Посевная,Обучение (образовательные программы)|Ментор/ консультант для поддержки развития бизнеса |Тестирование продукта |Доступ к потенциальным заказчикам|Доступ к оборудованию/ лаборатории / облачным сервисам,Big Data|Беспилотники|Искусственный интеллект и машинное обучение|Робототехника,2.0,https://sberbank.iidf.ru/
12,Sber500,Cybersecurity|EdTech|Transport & Logistics|Telecom|InsuranceTech|LegalTech|HRTech|Business Software|Advertising & Marketing|E-commerce|Entertainment|FinTech|Healthcare,Ранний рост,Инвестиции|Обучение (образовательные программы)|Ментор/ консультант для поддержки развития бизнеса |Доступ к потенциальным заказчикам|Программа постсопровождения|Доступ к оборудованию/ лаборатории / облачным сервисам,AR/VR|Big Data|Интернет вещей|Искусственный интеллект и машинное обучение|Робототехника,2.0,https://www.sberbank-500.ru/
13,Winno Moscow ,AgroTech|Cybersecurity|EdTech|Transport & Logistics|SpaceTech|PropTech|Telecom|IndustrialTech|Gaming|SportTech|InsuranceTech|LegalTech|FashionTech|HRTech|Business Software|Advertising & Marketing|Consumer Goods & Services|RetailTech|SafetyTech|CleanTech|E-commerce|Entertainment|FinTech|FoodTech|Healthcare|Travel|Мedia & Communication,Ранний рост|Посевная,Инвестиции|Тематические мероприятия (нетворкинг)|Обучение (образовательные программы)|Ментор/ консультант для поддержки развития бизнеса |Поддержка по юридическим / бухгалтерским вопросам |Маркетинг и продвижение |Помощь в выходе на международный рынок|Доступ к потенциальным заказчикам,3D моделирование|AR/VR|Big Data|Аддитивные технологии|Беспилотники|Биометрия|Биотехнологии|Блокчейн|Зеленые технологии|Интернет вещей|Искусственный интеллект и машинное обучение|Компьютерное зрение|Нанотехнологии|Нейротехнологии|Новые и портативные источники энергии|Новые материалы|Робототехника,0.0,https://winno.ru/
14,Инвестиционный акселератор HSE Inc x startech.vc,Cybersecurity|EdTech|Transport & Logistics|Telecom|IndustrialTech|SportTech|InsuranceTech|LegalTech|HRTech|Advertising & Marketing|RetailTech|SafetyTech|E-commerce|Entertainment|FinTech|FoodTech|Healthcare|Travel|Мedia & Communication,Ранний рост|Идея|Посевная,Тематические мероприятия (нетворкинг)|Обучение (образовательные программы)|Ментор/ консультант для поддержки развития бизнеса |Тестирование продукта |Доступ к потенциальным заказчикам,AR/VR|Big Data|Интернет вещей|Искусственный интеллект и машинное обучение|Робототехника,1.0,https://hseinc.ru/accelerator
15,Banktech 3.0,FinTech,Ранний рост|Посевная,Тематические мероприятия (нетворкинг)|Обучение (образовательные программы)|Ментор/ консультант для поддержки развития бизнеса |Тестирование продукта |Доступ к потенциальным заказчикам,Big Data|Биометрия|Искусственный интеллект и машинное обучение,0.0,http://banktech.fintech-lab.ru/
16,Insurtech,InsuranceTech|FinTech,Ранний рост|Посевная,Тематические мероприятия (нетворкинг)|Обучение (образовательные программы)|Ментор/ консультант для поддержки развития бизнеса |Доступ к потенциальным заказчикам,Big Data|Искусственный интеллект и машинное обучение,0.0,http://insurtech-lab.ru/
17,Акселератор КРОК,Telecom|InsuranceTech|HRTech|Advertising & Marketing|RetailTech|FinTech,Ранний рост|Расширение,Тематические мероприятия (нетворкинг)|Обучение (образовательные программы)|Ментор/ консультант для поддержки развития бизнеса |Доступ к потенциальным заказчикам,3D моделирование|AR/VR|Big Data|Аддитивные технологии|Беспилотники|Биометрия|Биотехнологии|Блокчейн|Зеленые технологии|Интернет вещей|Искусственный интеллект и машинное обучение|Компьютерное зрение|Нанотехнологии|Нейротехнологии|Новые и портативные источники энергии|Новые материалы|Робототехника,2.0,http://startup.croc.ru/
18,G4A Moscow ,AgroTech|Healthcare,Ранний рост|Посевная,"Тематические мероприятия (нетворкинг)|Обучение (образовательные программы)|Ментор/ консультант для поддержки развития бизнеса |Консультационная поддержка по развитию бизнеса|Помощь в выходе на международный рынок|Доступ к потенциальным заказчикам|Финансовая поддержка (субсидии, гранты и т.п.)",AR/VR|Big Data|Интернет вещей|Искусственный интеллект и машинное обучение|Робототехника,2.0,https://www.bayer.ru/ru/research-bayer/g4a
19,PwC Russia Accelerator,AgroTech|Cybersecurity|EdTech|Transport & Logistics|PropTech|Telecom|Business Software|RetailTech|FinTech,Ранний рост|Расширение|Посевная,"Инвестиции|Тематические мероприятия (нетворкинг)|Обучение (образовательные программы)|Ментор/ консультант для поддержки развития бизнеса |Помощь в выходе на международный рынок|Доступ к потенциальным заказчикам|Финансовая поддержка (субсидии, гранты и т.п.)",3D моделирование|AR/VR|Big Data|Блокчейн|Интернет вещей|Искусственный интеллект и машинное обучение,0.0,https://www.pwc.ru/ru/services/pwc-russia-accelerator.html 
20,Streamline ,Cybersecurity|EdTech|Transport & Logistics|LegalTech|HRTech|Business Software|SafetyTech|Entertainment,Ранний рост|Посевная,Инвестиции|Тематические мероприятия (нетворкинг)|Обучение (образовательные программы)|Ментор/ консультант для поддержки развития бизнеса ,AR/VR|Искусственный интеллект и машинное обучение|Компьютерное зрение|Робототехника,2.0,https://streamline.softlinevp.com/
21,PhA Artificial Intelligence Track,AgroTech|Cybersecurity|EdTech|Transport & Logistics|SpaceTech|PropTech|Telecom|IndustrialTech|Gaming|SportTech|InsuranceTech|LegalTech|FashionTech|HRTech|Business Software|Advertising & Marketing|Consumer Goods & Services|RetailTech|SafetyTech|CleanTech|E-commerce|Entertainment|FinTech|FoodTech|Healthcare|Travel|Мedia & Communication,Ранний рост|Расширение,Тематические мероприятия (нетворкинг)|Обучение (образовательные программы)|Ментор/ консультант для поддержки развития бизнеса |Помощь в выходе на международный рынок|Доступ к потенциальным заказчикам,Искусственный интеллект и машинное обучение,1.0,https://pha.vc/monsters
22,"Innovation DeepTech Acceleration 
Program ",AgroTech|Cybersecurity|EdTech|Transport & Logistics|SpaceTech|PropTech|Telecom|IndustrialTech|Gaming|SportTech|InsuranceTech|LegalTech|FashionTech|HRTech|Business Software|Advertising & Marketing|Consumer Goods & Services|RetailTech|SafetyTech|CleanTech|E-commerce|Entertainment|FinTech|FoodTech|Healthcare|Travel|Мedia & Communication,Расширение,Тематические мероприятия (нетворкинг)|Обучение (образовательные программы)|Ментор/ консультант для поддержки развития бизнеса |Помощь в выходе на международный рынок|Доступ к потенциальным заказчикам|Доступ к оборудованию/ лаборатории / облачным сервисам,3D моделирование|AR/VR|Big Data|Аддитивные технологии|Беспилотники|Биометрия|Биотехнологии|Блокчейн|Зеленые технологии|Интернет вещей|Искусственный интеллект и машинное обучение|Компьютерное зрение|Нанотехнологии|Нейротехнологии|Новые и портативные источники энергии|Новые материалы|Робототехника,1.0,https://pha.vc/idea-program
23,InvestTech,Business Software|FinTech,Ранний рост|Посевная,Тематические мероприятия (нетворкинг)|Обучение (образовательные программы)|Ментор/ консультант для поддержки развития бизнеса |Доступ к потенциальным заказчикам,Big Data|Биометрия|Искусственный интеллект и машинное обучение,0.0,http://investtech.fintech-lab.ru/?utm_source=rusbase&utm_medium=site&utm_campaign=investtech
24,Generation S и FERRING,Healthcare,Ранний рост|Расширение|Посевная,"Обучение (образовательные программы)|Ментор/ консультант для поддержки развития бизнеса |Финансовая поддержка (субсидии, гранты и т.п.)|Доступ к оборудованию/ лаборатории / облачным сервисам",Big Data|Биотехнологии|Искусственный интеллект и машинное обучение,2.0,http://ferring.generation-startup.ru/
25,Формула IT ,Cybersecurity|EdTech|PropTech|Advertising & Marketing|RetailTech|FinTech,Идея|Посевная,Тематические мероприятия (нетворкинг)|Обучение (образовательные программы)|Ментор/ консультант для поддержки развития бизнеса |Помощь в формировании команды|Маркетинг и продвижение |Доступ к потенциальным заказчикам,Big Data|Интернет вещей|Искусственный интеллект и машинное обучение|Робототехника,1.0,https://www.logavc.com/formulait
26,Акселератор Mendeleev,AgroTech|IndustrialTech|CleanTech|Healthcare,Идея|Посевная,Тематические мероприятия (нетворкинг)|Обучение (образовательные программы)|Тестирование продукта |Программа постсопровождения|Доступ к оборудованию/ лаборатории / облачным сервисам,Big Data|Биотехнологии|Интернет вещей|Новые материалы,1.0,https://mendeleev.vc/
27,Почтатех,Transport & Logistics|PropTech|LegalTech|HRTech|Advertising & Marketing|Healthcare,Ранний рост,"Обучение (образовательные программы)|Ментор/ консультант для поддержки развития бизнеса |Тестирование продукта |Финансовая поддержка (субсидии, гранты и т.п.)",3D моделирование|AR/VR|Big Data|Аддитивные технологии|Беспилотники|Биометрия|Биотехнологии|Блокчейн|Зеленые технологии|Интернет вещей|Искусственный интеллект и машинное обучение|Компьютерное зрение|Нанотехнологии|Нейротехнологии|Новые и портативные источники энергии|Новые материалы|Робототехника,2.0,https://pochtatech.sk.ru/
28,Экспортный акселератор для московских компаний,Healthcare,Расширение,Тематические мероприятия (нетворкинг)|Обучение (образовательные программы)|Ментор/ консультант для поддержки развития бизнеса |Маркетинг и продвижение |Помощь в выходе на международный рынок|Доступ к потенциальным заказчикам,3D моделирование|AR/VR|Big Data|Аддитивные технологии|Беспилотники|Биометрия|Биотехнологии|Блокчейн|Зеленые технологии|Интернет вещей|Искусственный интеллект и машинное обучение|Компьютерное зрение|Нанотехнологии|Нейротехнологии|Новые и портативные источники энергии|Новые материалы|Робототехника,1.0,https://www.pwc.ru/ru/services/moscow-export-accelerator.html
29,Акселератор РЖД,Transport & Logistics,Ранний рост|Посевная,Ментор/ консультант для поддержки развития бизнеса |Консультационная поддержка по развитию бизнеса|Доступ к потенциальным заказчикам|Доступ к оборудованию/ лаборатории / облачным сервисам,AR/VR|Big Data|Интернет вещей|Искусственный интеллект и машинное обучение|Новые и портативные источники энергии|Новые материалы|Робототехника,2.0,https://accelerator.rzd.ru/
30,Акселератор ГТЛК и GenerationS,Transport & Logistics|IndustrialTech|SafetyTech,Ранний рост|Посевная,Обучение (образовательные программы)|Ментор/ консультант для поддержки развития бизнеса |Тестирование продукта |Доступ к потенциальным заказчикам,AR/VR|Аддитивные технологии|Беспилотники|Интернет вещей|Искусственный интеллект и машинное обучение|Новые и портативные источники энергии|Новые материалы,2.0,https://gtlk.generation-startup.ru/
31,УРАЛСИБ Tech 2020,FinTech,Ранний рост|Посевная,Тематические мероприятия (нетворкинг)|Обучение (образовательные программы)|Ментор/ консультант для поддержки развития бизнеса |Тестирование продукта |Доступ к потенциальным заказчикам,Big Data|Биометрия|Искусственный интеллект и машинное обучение,2.0,http://uralsib-tech.fintech-lab.ru/
32,Московский акселератор. Трек FinTech,LegalTech|FinTech,Ранний рост|Посевная,Тематические мероприятия (нетворкинг)|Обучение (образовательные программы)|Ментор/ консультант для поддержки развития бизнеса |Тестирование продукта |Программа постсопровождения,Блокчейн|Искусственный интеллект и машинное обучение|Компьютерное зрение,1.0,https://ma.innoagency.ru/fintech/
33,Экспортный акселератор от Сбербанка,AgroTech|Cybersecurity|EdTech|Transport & Logistics|SpaceTech|PropTech|Telecom|IndustrialTech|Gaming|SportTech|InsuranceTech|LegalTech|FashionTech|HRTech|Business Software|Advertising & Marketing|Consumer Goods & Services|RetailTech|SafetyTech|CleanTech|E-commerce|Entertainment|FinTech|FoodTech|Healthcare|Travel|Мedia & Communication,Расширение,Обучение (образовательные программы)|Ментор/ консультант для поддержки развития бизнеса |Маркетинг и продвижение |Помощь в выходе на международный рынок,3D моделирование|AR/VR|Big Data|Аддитивные технологии|Беспилотники|Биометрия|Биотехнологии|Блокчейн|Зеленые технологии|Интернет вещей|Искусственный интеллект и машинное обучение|Компьютерное зрение|Нанотехнологии|Нейротехнологии|Новые и портативные источники энергии|Новые материалы|Робототехника,1.0,https://bankofpartners.com/ru/accelerator/welcome?bx_sender_conversion_id=0
34,Акселератор экспортного роста,AgroTech|Cybersecurity|EdTech|Transport & Logistics|SpaceTech|PropTech|Telecom|IndustrialTech|Gaming|SportTech|InsuranceTech|LegalTech|FashionTech|HRTech|Business Software|Advertising & Marketing|Consumer Goods & Services|RetailTech|SafetyTech|CleanTech|E-commerce|Entertainment|FinTech|FoodTech|Healthcare|Travel|Мedia & Communication,Расширение,Обучение (образовательные программы)|Ментор/ консультант для поддержки развития бизнеса |Помощь в выходе на международный рынок,3D моделирование|AR/VR|Big Data|Аддитивные технологии|Беспилотники|Биометрия|Биотехнологии|Блокчейн|Зеленые технологии|Интернет вещей|Искусственный интеллект и машинное обучение|Компьютерное зрение|Нанотехнологии|Нейротехнологии|Новые и портативные источники энергии|Новые материалы|Робототехника,1.0,https://exportedu.ru/acceleration/federal
35,Экспортеры 2.0,AgroTech|Cybersecurity|EdTech|Transport & Logistics|SpaceTech|PropTech|Telecom|IndustrialTech|Gaming|SportTech|InsuranceTech|LegalTech|FashionTech|HRTech|Business Software|Advertising & Marketing|Consumer Goods & Services|RetailTech|SafetyTech|CleanTech|E-commerce|Entertainment|FinTech|FoodTech|Healthcare|Travel|Мedia & Communication,Расширение,Обучение (образовательные программы)|Ментор/ консультант для поддержки развития бизнеса |Помощь в выходе на международный рынок,3D моделирование|AR/VR|Big Data|Аддитивные технологии|Беспилотники|Биометрия|Биотехнологии|Блокчейн|Зеленые технологии|Интернет вещей|Искусственный интеллект и машинное обучение|Компьютерное зрение|Нанотехнологии|Нейротехнологии|Новые и портативные источники энергии|Новые материалы|Робототехника,1.0,https://common.skolkovo.ru/event/mps/exporters-20191118/
36,Акселератор социальных проектов ФПСП,EdTech|SportTech|CleanTech|Healthcare,Ранний рост,Тематические мероприятия (нетворкинг)|Обучение (образовательные программы)|Ментор/ консультант для поддержки развития бизнеса |Доступ к потенциальным заказчикам,3D моделирование|AR/VR|Big Data|Аддитивные технологии|Беспилотники|Биометрия|Биотехнологии|Блокчейн|Зеленые технологии|Интернет вещей|Искусственный интеллект и машинное обучение|Компьютерное зрение|Нанотехнологии|Нейротехнологии|Новые и портативные источники энергии|Новые материалы|Робототехника,1.0,https://fundsp.ru/projects/akselerator.html
37,Startup.EdMarket ,EdTech,Ранний рост|Расширение,Тематические мероприятия (нетворкинг)|Обучение (образовательные программы)|Ментор/ консультант для поддержки развития бизнеса |Маркетинг и продвижение |Программа постсопровождения,,2.0,https://startup.edmarket.ru/
38,Акселератор социальных проектов МБМ,EdTech|PropTech|SportTech|CleanTech|Healthcare,Ранний рост|Расширение,Тематические мероприятия (нетворкинг)|Обучение (образовательные программы)|Ментор/ консультант для поддержки развития бизнеса ,3D моделирование|AR/VR|Big Data|Аддитивные технологии|Беспилотники|Биометрия|Биотехнологии|Блокчейн|Зеленые технологии|Интернет вещей|Искусственный интеллект и машинное обучение|Компьютерное зрение|Нанотехнологии|Нейротехнологии|Новые и портативные источники энергии|Новые материалы|Робототехника,1.0,https://mbm.mos.ru/education/biznes-akselerator/akselerator-socialnyh-proektov
39,StartupDrive,Transport & Logistics|RetailTech|E-commerce|FinTech,Ранний рост|Расширение,"Тематические мероприятия (нетворкинг)|Ментор/ консультант для поддержки развития бизнеса |Маркетинг и продвижение |Доступ к потенциальным заказчикам|Финансовая поддержка (субсидии, гранты и т.п.)",Big Data|Интернет вещей|Искусственный интеллект и машинное обучение,2.0,https://startupdrive.ru/
40,Акселератор ВТБ,Cybersecurity|HRTech|Business Software|Advertising & Marketing,Ранний рост,Тематические мероприятия (нетворкинг)|Ментор/ консультант для поддержки развития бизнеса |Тестирование продукта |Маркетинг и продвижение |Доступ к потенциальным заказчикам,AR/VR|Big Data|Биометрия|Интернет вещей|Искусственный интеллект и машинное обучение,2.0,https://startup.vtb.ru/ 
41,Физтех.Старт,AgroTech|Cybersecurity|EdTech|Transport & Logistics|SpaceTech|PropTech|Telecom|IndustrialTech|Gaming|SportTech|InsuranceTech|LegalTech|FashionTech|HRTech|Business Software|Advertising & Marketing|Consumer Goods & Services|RetailTech|SafetyTech|CleanTech|E-commerce|Entertainment|FinTech|FoodTech|Healthcare|Travel|Мedia & Communication,Ранний рост|Посевная,Тематические мероприятия (нетворкинг)|Обучение (образовательные программы)|Ментор/ консультант для поддержки развития бизнеса |Маркетинг и продвижение ,3D моделирование|AR/VR|Big Data|Аддитивные технологии|Беспилотники|Биометрия|Биотехнологии|Блокчейн|Зеленые технологии|Интернет вещей|Искусственный интеллект и машинное обучение|Компьютерное зрение|Нанотехнологии|Нейротехнологии|Новые и портативные источники энергии|Новые материалы|Робототехника,1.0,http://te-mipt.ru/accel#rec208205984
42,HRup,EdTech|HRTech,Ранний рост|Посевная,"Инвестиции|Тематические мероприятия (нетворкинг)|Обучение (образовательные программы)|Ментор/ консультант для поддержки развития бизнеса |Доступ к потенциальным заказчикам|Финансовая поддержка (субсидии, гранты и т.п.)",AR/VR|Big Data|Интернет вещей|Искусственный интеллект и машинное обучение,0.0,https://hredtech.vc/hse
43,Baltic HR&ED TECH,EdTech|HRTech,Ранний рост,Инвестиции|Тематические мероприятия (нетворкинг)|Обучение (образовательные программы)|Ментор/ консультант для поддержки развития бизнеса |Помощь в выходе на международный рынок,AR/VR|Big Data|Интернет вещей|Искусственный интеллект и машинное обучение,0.0,https://hredtech.vc/balticsandbox
44,EduTech Hub ,EdTech,Ранний рост|Посевная,Тематические мероприятия (нетворкинг)|Обучение (образовательные программы)|Ментор/ консультант для поддержки развития бизнеса |Тестирование продукта |Маркетинг и продвижение |Доступ к оборудованию/ лаборатории / облачным сервисам,3D моделирование|AR/VR|Big Data|Аддитивные технологии|Беспилотники|Биометрия|Биотехнологии|Блокчейн|Зеленые технологии|Интернет вещей|Искусственный интеллект и машинное обучение|Компьютерное зрение|Нанотехнологии|Нейротехнологии|Новые и портативные источники энергии|Новые материалы|Робототехника,1.0,https://inc.hse.ru/edutech
45,GoGlobal ,AgroTech|Cybersecurity|EdTech|Transport & Logistics|SpaceTech|PropTech|Telecom|IndustrialTech|Gaming|SportTech|InsuranceTech|LegalTech|FashionTech|HRTech|Business Software|Advertising & Marketing|Consumer Goods & Services|RetailTech|SafetyTech|CleanTech|E-commerce|Entertainment|FinTech|FoodTech|Healthcare|Travel|Мedia & Communication,Ранний рост,Тематические мероприятия (нетворкинг)|Обучение (образовательные программы)|Ментор/ консультант для поддержки развития бизнеса |Помощь в выходе на международный рынок,AR/VR|Big Data|Биометрия|Блокчейн|Интернет вещей|Искусственный интеллект и машинное обучение|Компьютерное зрение|Робототехника,0.0,https://goglobal.moscow-export.com/
46,Mabius,FoodTech,Ранний рост|Посевная,Инвестиции|Обучение (образовательные программы)|Ментор/ консультант для поддержки развития бизнеса |Тестирование продукта |Доступ к потенциальным заказчикам,Биотехнологии,0.0,https://apply.mabius.ru/?utm_source=partner&utm_medium=rusbase&utm_campaign=mabiusaccelerator
47,Акселератор сферы услуг МБМ,FashionTech|Entertainment|Travel,Ранний рост|Расширение,Тематические мероприятия (нетворкинг)|Обучение (образовательные программы)|Ментор/ консультант для поддержки развития бизнеса ,3D моделирование|AR/VR|Big Data|Аддитивные технологии|Беспилотники|Биометрия|Биотехнологии|Блокчейн|Зеленые технологии|Интернет вещей|Искусственный интеллект и машинное обучение|Компьютерное зрение|Нанотехнологии|Нейротехнологии|Новые и портативные источники энергии|Новые материалы|Робототехника,1.0,https://mbm.mos.ru/education/biznes-akselerator/akselerator-sfery-uslug
48,Акселератор спортивного бизнеса МБМ,SportTech,Ранний рост|Расширение,Тематические мероприятия (нетворкинг)|Обучение (образовательные программы)|Ментор/ консультант для поддержки развития бизнеса ,3D моделирование|AR/VR|Big Data|Аддитивные технологии|Беспилотники|Биометрия|Биотехнологии|Блокчейн|Зеленые технологии|Интернет вещей|Искусственный интеллект и машинное обучение|Компьютерное зрение|Нанотехнологии|Нейротехнологии|Новые и портативные источники энергии|Новые материалы|Робототехника,1.0,https://mbm.mos.ru/education/biznes-akselerator/akselerator-sportivnogo-bisnesa
49,Акселератор ресторанного бизнеса МБМ,FoodTech,Ранний рост|Расширение,Тематические мероприятия (нетворкинг)|Обучение (образовательные программы)|Ментор/ консультант для поддержки развития бизнеса ,3D моделирование|AR/VR|Big Data|Аддитивные технологии|Беспилотники|Биометрия|Биотехнологии|Блокчейн|Зеленые технологии|Интернет вещей|Искусственный интеллект и машинное обучение|Компьютерное зрение|Нанотехнологии|Нейротехнологии|Новые и портативные источники энергии|Новые материалы|Робототехника,1.0,https://mbm.mos.ru/education/biznes-akselerator/akselerator-restorannogo-biznesa
50,Glorax Infotech Quadro,PropTech,Ранний рост|Посевная,"Инвестиции|Ментор/ консультант для поддержки развития бизнеса |Тестирование продукта |Консультационная поддержка по развитию бизнеса|Доступ к потенциальным заказчикам|Финансовая поддержка (субсидии, гранты и т.п.)",Big Data|Биометрия|Искусственный интеллект и машинное обучение,0.0,https://glorax.io/
51,GREEN TECH Startup Booster,CleanTech,Ранний рост|Посевная,"Ментор/ консультант для поддержки развития бизнеса |Тестирование продукта |Доступ к потенциальным заказчикам|Финансовая поддержка (субсидии, гранты и т.п.)",Big Data|Зеленые технологии|Новые и портативные источники энергии,1.0,https://greentech.sk.ru/
52,Инновационный бизнес-навигатор,AgroTech|Cybersecurity|EdTech|Transport & Logistics|SpaceTech|PropTech|Telecom|IndustrialTech|Gaming|SportTech|InsuranceTech|LegalTech|FashionTech|HRTech|Business Software|Advertising & Marketing|Consumer Goods & Services|RetailTech|SafetyTech|CleanTech|E-commerce|Entertainment|FinTech|FoodTech|Healthcare|Travel|Мedia & Communication,Расширение,"Обучение (образовательные программы)|Финансовая поддержка (субсидии, гранты и т.п.)",3D моделирование|AR/VR|Big Data|Аддитивные технологии|Беспилотники|Биометрия|Биотехнологии|Блокчейн|Зеленые технологии|Интернет вещей|Искусственный интеллект и машинное обучение|Компьютерное зрение|Нанотехнологии|Нейротехнологии|Новые и портативные источники энергии|Новые материалы|Робототехника,1.0,https://business-navi.ru/accelerator
53,Акселератор GOZNAK STARTUP LAB,IndustrialTech,Ранний рост|Посевная,Обучение (образовательные программы)|Ментор/ консультант для поддержки развития бизнеса |Консультационная поддержка по развитию бизнеса|Маркетинг и продвижение |Доступ к потенциальным заказчикам,Big Data|Биометрия|Искусственный интеллект и машинное обучение|Робототехника,2.0,https://accelerator.goznak.ru/
54,ИНЖЕНЕР 4.0,AgroTech|Cybersecurity|EdTech|Transport & Logistics|SpaceTech|PropTech|Telecom|IndustrialTech|Gaming|SportTech|InsuranceTech|LegalTech|FashionTech|HRTech|Business Software|Advertising & Marketing|Consumer Goods & Services|RetailTech|SafetyTech|CleanTech|E-commerce|Entertainment|FinTech|FoodTech|Healthcare|Travel|Мedia & Communication,Идея,Тематические мероприятия (нетворкинг)|Обучение (образовательные программы)|Ментор/ консультант для поддержки развития бизнеса ,3D моделирование|AR/VR|Big Data|Аддитивные технологии|Беспилотники|Биометрия|Биотехнологии|Блокчейн|Зеленые технологии|Интернет вещей|Искусственный интеллект и машинное обучение|Компьютерное зрение|Нанотехнологии|Нейротехнологии|Новые и портативные источники энергии|Новые материалы|Робототехника,1.0,http://te-mipt.ru/engineer40
55,Московский акселератор. Трек MarTech,Advertising & Marketing,Ранний рост|Посевная,Тематические мероприятия (нетворкинг)|Обучение (образовательные программы)|Ментор/ консультант для поддержки развития бизнеса |Тестирование продукта |Программа постсопровождения,Big Data|Искусственный интеллект и машинное обучение,1.0,https://i.moscow/moskovskiy-akselerator-martech
56,Московский акселератор. Трек Цифровые сервисы,EdTech|Transport & Logistics|PropTech|RetailTech,Ранний рост|Посевная,Тематические мероприятия (нетворкинг)|Обучение (образовательные программы)|Ментор/ консультант для поддержки развития бизнеса |Тестирование продукта |Программа постсопровождения,Big Data|Биометрия|Интернет вещей|Искусственный интеллект и машинное обучение|Компьютерное зрение,1.0,https://ma.innoagency.ru/
57,Global Pilots,LegalTech|HRTech|RetailTech|FinTech,Ранний рост|Расширение,Обучение (образовательные программы)|Ментор/ консультант для поддержки развития бизнеса |Тестирование продукта |Поддержка по юридическим / бухгалтерским вопросам |Помощь в выходе на международный рынок|Доступ к потенциальным заказчикам,AR/VR|Интернет вещей|Искусственный интеллект и машинное обучение,0.0,https://globalpilots.tech/
58,MUIV.LAB,EdTech|FinTech,Посевная,Инвестиции|Тематические мероприятия (нетворкинг)|Обучение (образовательные программы)|Ментор/ консультант для поддержки развития бизнеса |Доступ к потенциальным заказчикам|Программа постсопровождения,AR/VR|Интернет вещей|Искусственный интеллект и машинное обучение|Компьютерное зрение,1.0,https://muivlab.ru/lp/event/
59,Kaspersky Exploring Russia,Travel,Идея|Посевная,Обучение (образовательные программы)|Ментор/ консультант для поддержки развития бизнеса |Маркетинг и продвижение |Доступ к потенциальным заказчикам|Доступ к оборудованию/ лаборатории / облачным сервисам,3D моделирование|AR/VR|Big Data|Аддитивные технологии|Беспилотники|Биометрия|Биотехнологии|Блокчейн|Зеленые технологии|Интернет вещей|Искусственный интеллект и машинное обучение|Компьютерное зрение|Нанотехнологии|Нейротехнологии|Новые и портативные источники энергии|Новые материалы|Робототехника,2.0,https://csr.kaspersky.com/kasperskyexploringrussia/main.html 
60,MGNTech,AgroTech|EdTech|PropTech|LegalTech|HRTech|Advertising & Marketing|RetailTech|CleanTech|E-commerce|FinTech|FoodTech|Healthcare,Ранний рост|Посевная,Тестирование продукта |Консультационная поддержка по развитию бизнеса|Доступ к потенциальным заказчикам,3D моделирование|AR/VR|Big Data|Биотехнологии|Интернет вещей|Искусственный интеллект и машинное обучение|Компьютерное зрение|Новые материалы|Робототехника,2.0,https://mgntech.sk.ru/
61,Уралхим – Элемент роста,AgroTech|IndustrialTech|CleanTech|FoodTech,Ранний рост|Посевная,"Тематические мероприятия (нетворкинг)|Обучение (образовательные программы)|Ментор/ консультант для поддержки развития бизнеса |Доступ к потенциальным заказчикам|Финансовая поддержка (субсидии, гранты и т.п.)",Big Data|Биотехнологии|Искусственный интеллект и машинное обучение|Новые материалы|Робототехника,2.0,https://smarthim.ru/
62,Акселератор Татнефть,AgroTech|IndustrialTech|FoodTech|Healthcare,Посевная,Тематические мероприятия (нетворкинг)|Обучение (образовательные программы)|Ментор/ консультант для поддержки развития бизнеса |Помощь в выходе на международный рынок|Доступ к потенциальным заказчикам,Биотехнологии|Нанотехнологии|Новые материалы,2.0,http://tatneft.vc/
63,Акселератор SAP и Минкомсвязи,Transport & Logistics|HRTech|Business Software|Advertising & Marketing,Ранний рост|Посевная,Обучение (образовательные программы)|Ментор/ консультант для поддержки развития бизнеса |Тестирование продукта |Маркетинг и продвижение |Помощь в выходе на международный рынок|Доступ к потенциальным заказчикам|Доступ к оборудованию/ лаборатории / облачным сервисам,Big Data|Искусственный интеллект и машинное обучение,2.0,https://events.sap.com/ru/accelerator-sap-minsvyaz/ru/home
64,Школьный акселератор SberZ,AgroTech|Cybersecurity|EdTech|Transport & Logistics|SpaceTech|PropTech|Telecom|IndustrialTech|Gaming|SportTech|InsuranceTech|LegalTech|FashionTech|HRTech|Business Software|Advertising & Marketing|Consumer Goods & Services|RetailTech|SafetyTech|CleanTech|E-commerce|Entertainment|FinTech|FoodTech|Healthcare|Travel|Мedia & Communication,Идея,Обучение (образовательные программы),3D моделирование|AR/VR|Big Data|Аддитивные технологии|Беспилотники|Биометрия|Биотехнологии|Блокчейн|Зеленые технологии|Интернет вещей|Искусственный интеллект и машинное обучение|Компьютерное зрение|Нанотехнологии|Нейротехнологии|Новые и портативные источники энергии|Новые материалы|Робототехника,2.0,https://www.school-accelerator.ru/
65,Orange Fab Russia с X5 Retail Group,Transport & Logistics|Advertising & Marketing|RetailTech|E-commerce,Посевная,Обучение (образовательные программы)|Ментор/ консультант для поддержки развития бизнеса |Помощь в выходе на международный рынок|Доступ к потенциальным заказчикам,Big Data|Интернет вещей|Искусственный интеллект и машинное обучение,2.0,https://orangefab.ru/call-for-projects-x5/
66,Московский акселератор. Трек BiomedTech,Healthcare,Ранний рост|Посевная,Тематические мероприятия (нетворкинг)|Обучение (образовательные программы)|Ментор/ консультант для поддержки развития бизнеса |Тестирование продукта |Программа постсопровождения,Big Data|Биотехнологии|Интернет вещей|Искусственный интеллект и машинное обучение,1.0,https://ma.innoagency.ru/biomedtech/
67,Privacy Accelerator,Cybersecurity|LegalTech|Мedia & Communication,Посевная,Тематические мероприятия (нетворкинг)|Обучение (образовательные программы)|Ментор/ консультант для поддержки развития бизнеса |Маркетинг и продвижение ,3D моделирование|AR/VR|Big Data|Аддитивные технологии|Беспилотники|Биометрия|Биотехнологии|Блокчейн|Зеленые технологии|Интернет вещей|Искусственный интеллект и машинное обучение|Компьютерное зрение|Нанотехнологии|Нейротехнологии|Новые и портативные источники энергии|Новые материалы|Робототехника,0.0,https://privacyaccelerator.org/
68,Акселератор CloudPayments,FinTech,,,,2.0,https://rb.ru/news/tinkoff-accelerator/
69,"Акселератор
АО «НПО ЭНЕРГОМАШ»",IndustrialTech,Ранний рост|Расширение|Идея|Посевная,"Обучение (образовательные программы)|Ментор/ консультант для поддержки развития бизнеса |Тестирование продукта |Доступ к потенциальным заказчикам|Финансовая поддержка (субсидии, гранты и т.п.)",3D моделирование|AR/VR|Big Data|Аддитивные технологии|Интернет вещей|Искусственный интеллект и машинное обучение|Компьютерное зрение|Новые материалы|Робототехника,2.0,https://energoinnovation.sk.ru/
70,ПРОМТЕХ,Transport & Logistics|IndustrialTech|LegalTech|HRTech,Ранний рост,Обучение (образовательные программы)|Ментор/ консультант для поддержки развития бизнеса |Доступ к потенциальным заказчикам,3D моделирование|AR/VR|Big Data|Аддитивные технологии|Блокчейн|Интернет вещей|Искусственный интеллект и машинное обучение|Компьютерное зрение,0.0,https://promtech.iteco-inno.ru/
71,Акселератор Транспортные инновации Москвы,Transport & Logistics|RetailTech|SafetyTech|E-commerce,Ранний рост|Посевная,Тематические мероприятия (нетворкинг)|Обучение (образовательные программы)|Ментор/ консультант для поддержки развития бизнеса |Тестирование продукта ,Big Data|Биометрия|Интернет вещей|Искусственный интеллект и машинное обучение|Компьютерное зрение,1.0,https://www.ftim.ru/
72,Restart 360,EdTech|SportTech|FashionTech|RetailTech|SafetyTech|Entertainment|Healthcare|Travel|Мedia & Communication,Ранний рост,Обучение (образовательные программы)|Ментор/ консультант для поддержки развития бизнеса ,3D моделирование|AR/VR|Big Data|Аддитивные технологии|Беспилотники|Биометрия|Биотехнологии|Блокчейн|Зеленые технологии|Интернет вещей|Искусственный интеллект и машинное обучение|Компьютерное зрение|Нанотехнологии|Нейротехнологии|Новые и портативные источники энергии|Новые материалы|Робототехника,1.0,https://restart360.technograd.moscow/
73,Акселератор РСХБ,AgroTech|InsuranceTech|HRTech|Business Software|Advertising & Marketing|FinTech|FoodTech,Ранний рост,Ментор/ консультант для поддержки развития бизнеса |Поддержка по юридическим / бухгалтерским вопросам |Маркетинг и продвижение ,Big Data|Биометрия|Блокчейн|Искусственный интеллект и машинное обучение|Нейротехнологии,2.0,https://rshb.sk.ru/
74,"Акселератор ""Энергия""",IndustrialTech|CleanTech,Ранний рост|Расширение|Посевная,Инвестиции|Ментор/ консультант для поддержки развития бизнеса |Тестирование продукта |Доступ к потенциальным заказчикам,AR/VR|Big Data|Интернет вещей|Искусственный интеллект и машинное обучение|Компьютерное зрение|Новые и портативные источники энергии,2.0,https://energyaccelerator.ru/
75,Онлайн-акселератор проекта Rukami,EdTech,,Тематические мероприятия (нетворкинг)|Обучение (образовательные программы)|Ментор/ консультант для поддержки развития бизнеса ,3D моделирование|AR/VR|Big Data|Аддитивные технологии|Беспилотники|Биометрия|Биотехнологии|Блокчейн|Зеленые технологии|Интернет вещей|Искусственный интеллект и машинное обучение|Компьютерное зрение|Нанотехнологии|Нейротехнологии|Новые и портативные источники энергии|Новые материалы|Робототехника,1.0,https://accelerator.rukamifest.com/
76,Game Drive,Gaming,Ранний рост,Инвестиции|Тематические мероприятия (нетворкинг)|Консультационная поддержка по развитию бизнеса,3D моделирование|AR/VR|Big Data|Аддитивные технологии|Беспилотники|Биометрия|Биотехнологии|Блокчейн|Зеленые технологии|Интернет вещей|Искусственный интеллект и машинное обучение|Компьютерное зрение|Нанотехнологии|Нейротехнологии|Новые и портативные источники энергии|Новые материалы|Робототехника,2.0,https://mgvc.com/gamedrive
77,ForestTech accelerator,IndustrialTech|HRTech|Advertising & Marketing,Ранний рост|Посевная,"Тематические мероприятия (нетворкинг)|Обучение (образовательные программы)|Ментор/ консультант для поддержки развития бизнеса |Тестирование продукта |Маркетинг и продвижение |Доступ к потенциальным заказчикам|Финансовая поддержка (субсидии, гранты и т.п.)",Big Data|Искусственный интеллект и машинное обучение|Компьютерное зрение|Новые материалы,2.0,https://forest-tech.ru/
78,Киберспортивный акселератор от Winstrike и Starta Ventures,Gaming,Ранний рост|Посевная,"Инвестиции|Тематические мероприятия (нетворкинг)|Ментор/ консультант для поддержки развития бизнеса |Тестирование продукта |Финансовая поддержка (субсидии, гранты и т.п.)",3D моделирование|AR/VR|Big Data|Аддитивные технологии|Беспилотники|Биометрия|Биотехнологии|Блокчейн|Зеленые технологии|Интернет вещей|Искусственный интеллект и машинное обучение|Компьютерное зрение|Нанотехнологии|Нейротехнологии|Новые и портативные источники энергии|Новые материалы|Робототехника,0.0,http://esports.startaventures.com/
79,Акселератор дорожной отрасли,Transport & Logistics,Ранний рост|Расширение|Идея|Посевная,Обучение (образовательные программы)|Тестирование продукта |Консультационная поддержка по развитию бизнеса|Доступ к потенциальным заказчикам,Big Data|Беспилотники|Интернет вещей|Искусственный интеллект и машинное обучение|Новые и портативные источники энергии,1.0,https://foundrdo.ru/
80,Московский акселератор. Трек EngineeringTech,PropTech|IndustrialTech,Ранний рост|Посевная,Тематические мероприятия (нетворкинг)|Обучение (образовательные программы)|Ментор/ консультант для поддержки развития бизнеса |Тестирование продукта |Программа постсопровождения,3D моделирование|AR/VR|Big Data|Интернет вещей|Искусственный интеллект и машинное обучение,1.0,https://i.moscow/moskovskiy-akselerator-engineeringtech
81,Московский акселератор. Трек BuildTech,PropTech,Ранний рост|Посевная,Тематические мероприятия (нетворкинг)|Обучение (образовательные программы)|Ментор/ консультант для поддержки развития бизнеса |Тестирование продукта |Программа постсопровождения,Big Data|Искусственный интеллект и машинное обучение|Новые материалы,1.0,https://i.moscow/moskovskiy-akselerator-buildtech
82,"Цифровой акселератор устойчивого развития. Трек ""Чистые технологии""",CleanTech,Ранний рост|Посевная,Обучение (образовательные программы)|Тестирование продукта |Консультационная поддержка по развитию бизнеса|Помощь в выходе на международный рынок,Big Data|Интернет вещей|Искусственный интеллект и машинное обучение,0.0,http://sdgeurasia.tech/cleantech
83,"Цифровой акселератор устойчивого развития. Трек ""Безотходные технологии""",CleanTech,Ранний рост|Расширение,Обучение (образовательные программы)|Консультационная поддержка по развитию бизнеса|Помощь в выходе на международный рынок,Новые материалы,0.0,http://sdgeurasia.tech
84,УРАЛСИБ Tech 2021,RetailTech|E-commerce|FinTech,Ранний рост|Посевная,Тестирование продукта |Доступ к потенциальным заказчикам,3D моделирование|AR/VR|Big Data|Аддитивные технологии|Беспилотники|Биометрия|Биотехнологии|Блокчейн|Зеленые технологии|Интернет вещей|Искусственный интеллект и машинное обучение|Компьютерное зрение|Нанотехнологии|Нейротехнологии|Новые и портативные источники энергии|Новые материалы|Робототехника,2.0,http://uralsib-tech.fintech-lab.ru/2021
85,Continental SportsTech Accelerator,SportTech|E-commerce|Healthcare|Мedia & Communication,Ранний рост|Посевная,Тематические мероприятия (нетворкинг)|Обучение (образовательные программы)|Ментор/ консультант для поддержки развития бизнеса |Поддержка по юридическим / бухгалтерским вопросам |Маркетинг и продвижение |Помощь в выходе на международный рынок|Доступ к потенциальным заказчикам,AR/VR|Big Data|Интернет вещей|Искусственный интеллект и машинное обучение,0.0,https://sportech.vc/
86,SberStudent,AgroTech|Cybersecurity|EdTech|Transport & Logistics|SpaceTech|PropTech|Telecom|IndustrialTech|Gaming|SportTech|InsuranceTech|LegalTech|FashionTech|HRTech|Business Software|Advertising & Marketing|Consumer Goods & Services|RetailTech|SafetyTech|CleanTech|E-commerce|Entertainment|FinTech|FoodTech|Healthcare|Travel|Мedia & Communication,Идея|Посевная,Обучение (образовательные программы)|Ментор/ консультант для поддержки развития бизнеса |Помощь в формировании команды|Доступ к потенциальным заказчикам,3D моделирование|AR/VR|Big Data|Аддитивные технологии|Беспилотники|Биометрия|Биотехнологии|Блокчейн|Зеленые технологии|Интернет вещей|Искусственный интеллект и машинное обучение|Компьютерное зрение|Нанотехнологии|Нейротехнологии|Новые и портативные источники энергии|Новые материалы|Робототехника,2.0,https://sberstudent.sberclass.ru/
87,Московский акселератор. Отраслевой акселератор Росатома,IndustrialTech|CleanTech,Ранний рост|Посевная,Тематические мероприятия (нетворкинг)|Обучение (образовательные программы)|Ментор/ консультант для поддержки развития бизнеса |Тестирование продукта |Программа постсопровождения,3D моделирование|Аддитивные технологии|Зеленые технологии|Новые и портативные источники энергии,1.0,https://i.moscow/moskovskiy-akselerator-rosatom
88,Акселератор сферы услуг МБМ,Consumer Goods & Services,Ранний рост|Расширение,Тематические мероприятия (нетворкинг)|Обучение (образовательные программы)|Ментор/ консультант для поддержки развития бизнеса ,3D моделирование|AR/VR|Big Data|Аддитивные технологии|Беспилотники|Биометрия|Биотехнологии|Блокчейн|Зеленые технологии|Интернет вещей|Искусственный интеллект и машинное обучение|Компьютерное зрение|Нанотехнологии|Нейротехнологии|Новые и портативные источники энергии|Новые материалы|Робототехника,1.0,https://mbm.mos.ru/education/biznes-akselerator/akselerator-sfery-uslug
89,Корпоративный акселератор Почты России ,Transport & Logistics|LegalTech|HRTech|Business Software|RetailTech|E-commerce,Ранний рост,"Обучение (образовательные программы)|Ментор/ консультант для поддержки развития бизнеса |Тестирование продукта |Финансовая поддержка (субсидии, гранты и т.п.)",3D моделирование|AR/VR|Big Data|Аддитивные технологии|Беспилотники|Биометрия|Биотехнологии|Блокчейн|Зеленые технологии|Интернет вещей|Искусственный интеллект и машинное обучение|Компьютерное зрение|Нанотехнологии|Нейротехнологии|Новые и портативные источники энергии|Новые материалы|Робототехника,2.0,https://pochtatech.sk.ru/
90,Московский акселератор. Трек FutureBank,Advertising & Marketing|E-commerce|FinTech,Ранний рост|Посевная,Тематические мероприятия (нетворкинг)|Обучение (образовательные программы)|Ментор/ консультант для поддержки развития бизнеса |Тестирование продукта |Программа постсопровождения,,1.0,https://i.moscow/moskovskiy-akselerator-futurebank
91,Программа открытых инноваций PwC Venture Hub,AgroTech|Transport & Logistics|LegalTech|HRTech|Business Software|FinTech,Ранний рост|Расширение|Посевная,"Тематические мероприятия (нетворкинг)|Обучение (образовательные программы)|Ментор/ консультант для поддержки развития бизнеса |Помощь в выходе на международный рынок|Доступ к потенциальным заказчикам|Финансовая поддержка (субсидии, гранты и т.п.)",3D моделирование|AR/VR|Big Data|Аддитивные технологии|Блокчейн|Интернет вещей|Искусственный интеллект и машинное обучение,0.0,https://www.pwc.ru/ru/services/pwc-russia-accelerator.html 
92,MUIV.LAB,EdTech|Transport & Logistics|Entertainment|Healthcare,Посевная,Инвестиции|Тематические мероприятия (нетворкинг)|Обучение (образовательные программы)|Ментор/ консультант для поддержки развития бизнеса |Доступ к потенциальным заказчикам|Программа постсопровождения,AR/VR|Big Data|Биотехнологии|Интернет вещей|Искусственный интеллект и машинное обучение|Компьютерное зрение|Робототехника,1.0,https://muivlab.ru/lp/event/
93,Global Pilots,EdTech|HRTech|Healthcare,Ранний рост|Расширение,Обучение (образовательные программы)|Ментор/ консультант для поддержки развития бизнеса |Тестирование продукта |Поддержка по юридическим / бухгалтерским вопросам |Помощь в выходе на международный рынок|Доступ к потенциальным заказчикам,AR/VR|Интернет вещей|Искусственный интеллект и машинное обучение,0.0,https://globalpilots.tech/
94,Уралхим – Элемент роста,AgroTech|FoodTech,Ранний рост|Посевная,"Тематические мероприятия (нетворкинг)|Обучение (образовательные программы)|Ментор/ консультант для поддержки развития бизнеса |Доступ к потенциальным заказчикам|Финансовая поддержка (субсидии, гранты и т.п.)",AR/VR|Big Data|Биотехнологии|Интернет вещей|Новые материалы|Робототехника,2.0,https://smarthim.ru/
95,Акселератор Цифрового прорыва,AgroTech|Cybersecurity|EdTech|Transport & Logistics|SpaceTech|PropTech|Telecom|IndustrialTech|Gaming|SportTech|InsuranceTech|LegalTech|FashionTech|HRTech|Business Software|Advertising & Marketing|Consumer Goods & Services|RetailTech|SafetyTech|CleanTech|E-commerce|Entertainment|FinTech|FoodTech|Healthcare|Travel|Мedia & Communication,Посевная,Тематические мероприятия (нетворкинг)|Обучение (образовательные программы)|Ментор/ консультант для поддержки развития бизнеса |Доступ к потенциальным заказчикам,3D моделирование|AR/VR|Big Data|Аддитивные технологии|Беспилотники|Биометрия|Биотехнологии|Блокчейн|Зеленые технологии|Интернет вещей|Искусственный интеллект и машинное обучение|Компьютерное зрение|Нанотехнологии|Нейротехнологии|Новые и портативные источники энергии|Новые материалы|Робототехника,1.0,https://accel.leadersofdigital.ru/#about
96,StartHub.Moscow,AgroTech|Cybersecurity|EdTech|Transport & Logistics|SpaceTech|PropTech|Telecom|IndustrialTech|Gaming|SportTech|InsuranceTech|LegalTech|FashionTech|HRTech|Business Software|Advertising & Marketing|Consumer Goods & Services|RetailTech|SafetyTech|CleanTech|E-commerce|Entertainment|FinTech|FoodTech|Healthcare|Travel|Мedia & Communication,Ранний рост|Расширение|Посевная,Тематические мероприятия (нетворкинг)|Обучение (образовательные программы)|Ментор/ консультант для поддержки развития бизнеса |Тестирование продукта |Доступ к потенциальным заказчикам,3D моделирование|AR/VR|Big Data|Аддитивные технологии|Беспилотники|Биометрия|Биотехнологии|Блокчейн|Зеленые технологии|Интернет вещей|Искусственный интеллект и машинное обучение|Компьютерное зрение|Нанотехнологии|Нейротехнологии|Новые и портативные источники энергии|Новые материалы|Робототехника,1.0,https://starthub.innoagency.ru/
97,Акселератор MTS StartUp Hub ,Advertising & Marketing|RetailTech|E-commerce|Entertainment,Ранний рост|Посевная,Инвестиции|Обучение (образовательные программы)|Ментор/ консультант для поддержки развития бизнеса |Тестирование продукта |Поддержка по юридическим / бухгалтерским вопросам |Доступ к потенциальным заказчикам|Помещение для аренды офиса|Доступ к оборудованию/ лаборатории / облачным сервисам,,2.0,https://startup.mts.ru/
98,"Отраслевой акселератор госкорпорации ""Росатом""",IndustrialTech|CleanTech,Ранний рост|Идея|Посевная,"Обучение (образовательные программы)|Ментор/ консультант для поддержки развития бизнеса |Доступ к потенциальным заказчикам|Финансовая поддержка (субсидии, гранты и т.п.)|Доступ к оборудованию/ лаборатории / облачным сервисам",3D моделирование|Аддитивные технологии|Новые и портативные источники энергии|Новые материалы,2.0,https://rosatom.sk.ru/
99,Акселератор Транспортные инновации Москвы,Transport & Logistics|SafetyTech|CleanTech,Ранний рост|Посевная,Тематические мероприятия (нетворкинг)|Обучение (образовательные программы)|Ментор/ консультант для поддержки развития бизнеса |Тестирование продукта ,Искусственный интеллект и машинное обучение|Робототехника,1.0,https://www.ftim.ru/
100,Цифровой акселератор СИБУР,EdTech|Gaming|LegalTech|HRTech|Business Software|SafetyTech,Посевная,"Ментор/ консультант для поддержки развития бизнеса |Тестирование продукта |Доступ к потенциальным заказчикам|Финансовая поддержка (субсидии, гранты и т.п.)",3D моделирование|AR/VR|Big Data|Аддитивные технологии|Беспилотники|Биометрия|Биотехнологии|Блокчейн|Зеленые технологии|Интернет вещей|Искусственный интеллект и машинное обучение|Компьютерное зрение|Нанотехнологии|Нейротехнологии|Новые и портативные источники энергии|Новые материалы|Робототехника,2.0,https://accelerator.sibur.digital/
101,ИНЖЕНЕР 4.0,AgroTech|Cybersecurity|EdTech|Transport & Logistics|SpaceTech|PropTech|Telecom|IndustrialTech|Gaming|SportTech|InsuranceTech|LegalTech|FashionTech|HRTech|Business Software|Advertising & Marketing|Consumer Goods & Services|RetailTech|SafetyTech|CleanTech|E-commerce|Entertainment|FinTech|FoodTech|Healthcare|Travel|Мedia & Communication,Идея,Тематические мероприятия (нетворкинг)|Обучение (образовательные программы)|Ментор/ консультант для поддержки развития бизнеса ,3D моделирование|AR/VR|Big Data|Аддитивные технологии|Беспилотники|Биометрия|Биотехнологии|Блокчейн|Зеленые технологии|Интернет вещей|Искусственный интеллект и машинное обучение|Компьютерное зрение|Нанотехнологии|Нейротехнологии|Новые и портативные источники энергии|Новые материалы|Робототехника,1.0,http://te-mipt.ru/engineer40
102,Школьный акселератор SberZ,AgroTech|Cybersecurity|EdTech|Transport & Logistics|SpaceTech|PropTech|Telecom|IndustrialTech|Gaming|SportTech|InsuranceTech|LegalTech|FashionTech|HRTech|Business Software|Advertising & Marketing|Consumer Goods & Services|RetailTech|SafetyTech|CleanTech|E-commerce|Entertainment|FinTech|FoodTech|Healthcare|Travel|Мedia & Communication,Идея,Обучение (образовательные программы),3D моделирование|AR/VR|Big Data|Аддитивные технологии|Беспилотники|Биометрия|Биотехнологии|Блокчейн|Зеленые технологии|Интернет вещей|Искусственный интеллект и машинное обучение|Компьютерное зрение|Нанотехнологии|Нейротехнологии|Новые и портативные источники энергии|Новые материалы|Робототехника,2.0,https://sber-z.sberclass.ru/
103,Акселератор #Way2A,EdTech|SpaceTech|E-commerce,Ранний рост,Обучение (образовательные программы)|Ментор/ консультант для поддержки развития бизнеса ,Интернет вещей|Искусственный интеллект и машинное обучение|Новые и портативные источники энергии|Робототехника,2.0,https://way2a.softlinevp.com/
104,Акселератор ОМК,Transport & Logistics|IndustrialTech|Business Software|RetailTech|CleanTech,Посевная,"Тестирование продукта |Доступ к потенциальным заказчикам|Финансовая поддержка (субсидии, гранты и т.п.)",3D моделирование|Big Data|Аддитивные технологии|Искусственный интеллект и машинное обучение|Компьютерное зрение|Новые материалы,,https://acc.omk.ru/
105,Московский акселератор. Трек PipeIndustryTech,IndustrialTech|CleanTech,Ранний рост|Посевная,Тематические мероприятия (нетворкинг)|Обучение (образовательные программы)|Ментор/ консультант для поддержки развития бизнеса |Тестирование продукта |Программа постсопровождения,3D моделирование,1.0,https://i.moscow/moskovskiy-akselerator/pipeindustrytech
106,Cosmodrome,AgroTech|Cybersecurity|EdTech|Transport & Logistics|SpaceTech|PropTech|Telecom|IndustrialTech|Gaming|SportTech|InsuranceTech|LegalTech|FashionTech|HRTech|Business Software|Advertising & Marketing|Consumer Goods & Services|RetailTech|SafetyTech|CleanTech|E-commerce|Entertainment|FinTech|FoodTech|Healthcare|Travel|Мedia & Communication,Посевная,Тематические мероприятия (нетворкинг)|Обучение (образовательные программы)|Ментор/ консультант для поддержки развития бизнеса |Тестирование продукта ,3D моделирование|AR/VR|Big Data|Аддитивные технологии|Беспилотники|Биометрия|Биотехнологии|Блокчейн|Зеленые технологии|Интернет вещей|Искусственный интеллект и машинное обучение|Компьютерное зрение|Нанотехнологии|Нейротехнологии|Новые и портативные источники энергии|Новые материалы|Робототехника,0.0,https://cosmodrome.pro/
107,Акселератор сферы услуг МБМ,Consumer Goods & Services,Ранний рост|Расширение,Тематические мероприятия (нетворкинг)|Обучение (образовательные программы)|Ментор/ консультант для поддержки развития бизнеса ,3D моделирование|AR/VR|Big Data|Аддитивные технологии|Беспилотники|Биометрия|Биотехнологии|Блокчейн|Зеленые технологии|Интернет вещей|Искусственный интеллект и машинное обучение|Компьютерное зрение|Нанотехнологии|Нейротехнологии|Новые и портативные источники энергии|Новые материалы|Робототехника,1.0,https://mbm.mos.ru/education/biznes-akselerator/akselerator-sfery-uslug
108,BuildUP 2021,PropTech,Ранний рост|Посевная,Обучение (образовательные программы)|Ментор/ консультант для поддержки развития бизнеса |Тестирование продукта |Доступ к потенциальным заказчикам,3D моделирование|AR/VR|Интернет вещей|Искусственный интеллект и машинное обучение|Новые материалы|Робототехника,1.0, https://buildup.sk.ru/
109,MGNTech,AgroTech|EdTech|HRTech|Advertising & Marketing|E-commerce|FinTech|FoodTech,Ранний рост|Посевная,Тестирование продукта |Консультационная поддержка по развитию бизнеса|Доступ к потенциальным заказчикам,3D моделирование|AR/VR|Big Data|Биотехнологии|Искусственный интеллект и машинное обучение|Компьютерное зрение|Новые материалы|Робототехника,2.0,https://mgntech.sk.ru/
110,Модульный акселератор HSE Inc ,AgroTech|EdTech|Transport & Logistics|Telecom|HRTech|Advertising & Marketing|RetailTech|E-commerce|Entertainment|FinTech|FoodTech,Ранний рост|Посевная,Обучение (образовательные программы)|Ментор/ консультант для поддержки развития бизнеса |Тестирование продукта |Доступ к потенциальным заказчикам,3D моделирование|AR/VR|Big Data|Аддитивные технологии|Беспилотники|Биометрия|Биотехнологии|Блокчейн|Зеленые технологии|Интернет вещей|Искусственный интеллект и машинное обучение|Компьютерное зрение|Нанотехнологии|Нейротехнологии|Новые и портативные источники энергии|Новые материалы|Робототехника,1.0,https://inc.hse.ru/accelerator
111,Privacy Accelerator,Cybersecurity|LegalTech|Мedia & Communication,Посевная,Тематические мероприятия (нетворкинг)|Обучение (образовательные программы)|Ментор/ консультант для поддержки развития бизнеса |Маркетинг и продвижение ,3D моделирование|AR/VR|Big Data|Аддитивные технологии|Беспилотники|Биометрия|Биотехнологии|Блокчейн|Зеленые технологии|Интернет вещей|Искусственный интеллект и машинное обучение|Компьютерное зрение|Нанотехнологии|Нейротехнологии|Новые и портативные источники энергии|Новые материалы|Робототехника,0.0,https://privacyaccelerator.org/
112,Формула IT ,Cybersecurity|EdTech|PropTech|Advertising & Marketing|RetailTech|FinTech,Идея|Посевная,Тематические мероприятия (нетворкинг)|Обучение (образовательные программы)|Ментор/ консультант для поддержки развития бизнеса |Помощь в формировании команды|Маркетинг и продвижение |Доступ к потенциальным заказчикам,Big Data|Интернет вещей|Искусственный интеллект и машинное обучение|Робототехника,1.0,https://www.logavc.com/formulait
113,Акселератор Спринт,EdTech|Gaming|Business Software|Healthcare,Ранний рост|Посевная,Тематические мероприятия (нетворкинг)|Обучение (образовательные программы)|Консультационная поддержка по развитию бизнеса|Помещение для аренды офиса,3D моделирование|AR/VR|Big Data|Биометрия|Интернет вещей|Искусственный интеллект и машинное обучение|Компьютерное зрение|Нейротехнологии,,https://sprint.iidf.ru/
114,Акселератор креативных индустрий,Advertising & Marketing,Посевная,Тематические мероприятия (нетворкинг)|Обучение (образовательные программы)|Ментор/ консультант для поддержки развития бизнеса |Доступ к потенциальным заказчикам|Программа постсопровождения,3D моделирование|AR/VR|Big Data|Аддитивные технологии|Беспилотники|Биометрия|Биотехнологии|Блокчейн|Зеленые технологии|Интернет вещей|Искусственный интеллект и машинное обучение|Компьютерное зрение|Нанотехнологии|Нейротехнологии|Новые и портативные источники энергии|Новые материалы|Робототехника,2.0,https://a1.createdin.moscow/
115,Foodtech Russia Accelerator,Transport & Logistics|Business Software|E-commerce|FoodTech,Ранний рост|Посевная,"Тематические мероприятия (нетворкинг)|Обучение (образовательные программы)|Ментор/ консультант для поддержки развития бизнеса |Тестирование продукта |Доступ к потенциальным заказчикам|Финансовая поддержка (субсидии, гранты и т.п.)",3D моделирование|AR/VR|Big Data|Аддитивные технологии|Беспилотники|Биометрия|Биотехнологии|Блокчейн|Зеленые технологии|Интернет вещей|Искусственный интеллект и машинное обучение|Компьютерное зрение|Нанотехнологии|Нейротехнологии|Новые и портативные источники энергии|Новые материалы|Робототехника,0.0,https://foodtechrussia.com/
116,Moscow Film Accelerator,Entertainment,Идея|Посевная,"Финансовая поддержка (субсидии, гранты и т.п.)",3D моделирование|AR/VR|Big Data|Аддитивные технологии|Беспилотники|Биометрия|Биотехнологии|Блокчейн|Зеленые технологии|Интернет вещей|Искусственный интеллект и машинное обучение|Компьютерное зрение|Нанотехнологии|Нейротехнологии|Новые и портативные источники энергии|Новые материалы|Робототехника,1.0,https://moscowfilmaccelerator.ru/
117,StartHub.Moscow,AgroTech|Cybersecurity|EdTech|Transport & Logistics|SpaceTech|PropTech|Telecom|IndustrialTech|Gaming|SportTech|InsuranceTech|LegalTech|FashionTech|HRTech|Business Software|Advertising & Marketing|Consumer Goods & Services|RetailTech|SafetyTech|CleanTech|E-commerce|Entertainment|FinTech|FoodTech|Healthcare|Travel|Мedia & Communication,Ранний рост|Расширение|Посевная,Тематические мероприятия (нетворкинг)|Обучение (образовательные программы)|Ментор/ консультант для поддержки развития бизнеса |Тестирование продукта |Доступ к потенциальным заказчикам,3D моделирование|AR/VR|Big Data|Аддитивные технологии|Беспилотники|Биометрия|Биотехнологии|Блокчейн|Зеленые технологии|Интернет вещей|Искусственный интеллект и машинное обучение|Компьютерное зрение|Нанотехнологии|Нейротехнологии|Новые и портативные источники энергии|Новые материалы|Робототехника,1.0,https://starthub.innoagency.ru/
118,E-com Success,,,,,,
119,Smartcitylab,Transport & Logistics|PropTech|LegalTech,Посевная,Тематические мероприятия (нетворкинг)|Обучение (образовательные программы)|Ментор/ консультант для поддержки развития бизнеса |Тестирование продукта |Помощь в формировании команды|Маркетинг и продвижение ,3D моделирование|AR/VR|Big Data|Беспилотники|Интернет вещей|Искусственный интеллект и машинное обучение|Компьютерное зрение|Новые и портативные источники энергии|Новые материалы,0.0,http://smartcity-lab.ru/
120,Стартап-платформа ТМХ,IndustrialTech|SafetyTech|CleanTech,Ранний рост|Расширение|Посевная,Ментор/ консультант для поддержки развития бизнеса |Тестирование продукта |Доступ к потенциальным заказчикам|Доступ к оборудованию/ лаборатории / облачным сервисам,3D моделирование|AR/VR|Big Data|Аддитивные технологии|Беспилотники|Биометрия|Биотехнологии|Блокчейн|Зеленые технологии|Интернет вещей|Искусственный интеллект и машинное обучение|Компьютерное зрение|Нанотехнологии|Нейротехнологии|Новые и портативные источники энергии|Новые материалы|Робототехника,2.0,https://tmh.sk.ru/
121,"Отраслевой акселератор госкорпорации ""Роскосмос""",EdTech|SpaceTech|HRTech|Business Software,Посевная,Тематические мероприятия (нетворкинг)|Ментор/ консультант для поддержки развития бизнеса |Тестирование продукта |Доступ к потенциальным заказчикам|Проведение исследований / испытаний ,AR/VR|Big Data|Беспилотники|Интернет вещей,2.0,https://roscosmos.sk.ru/
122,Croc Product Partner,Transport & Logistics|Telecom|IndustrialTech|InsuranceTech|LegalTech|Advertising & Marketing|RetailTech|E-commerce|FinTech,,Тематические мероприятия (нетворкинг)|Ментор/ консультант для поддержки развития бизнеса |Доступ к потенциальным заказчикам,3D моделирование|AR/VR|Big Data|Аддитивные технологии|Беспилотники|Биометрия|Биотехнологии|Блокчейн|Зеленые технологии|Интернет вещей|Искусственный интеллект и машинное обучение|Компьютерное зрение|Нанотехнологии|Нейротехнологии|Новые и портативные источники энергии|Новые материалы|Робототехника,2.0,https://products.croc.ru/
123,Билайн,Cybersecurity|Telecom,Посевная,,Интернет вещей,2.0,https://account.generation-startup.ru/
124,Технологический акселератор Газпром Нефти,PropTech|IndustrialTech,Посевная,Тематические мероприятия (нетворкинг)|Ментор/ консультант для поддержки развития бизнеса |Тестирование продукта |Доступ к потенциальным заказчикам,AR/VR|Искусственный интеллект и машинное обучение|Новые и портативные источники энергии|Новые материалы,2.0,https://startupstream.sk.ru/
125,Winno Moscow 2021,AgroTech|Cybersecurity|EdTech|Transport & Logistics|SpaceTech|PropTech|Telecom|IndustrialTech|Gaming|SportTech|InsuranceTech|LegalTech|FashionTech|HRTech|Business Software|Advertising & Marketing|Consumer Goods & Services|RetailTech|SafetyTech|CleanTech|E-commerce|Entertainment|FinTech|FoodTech|Healthcare|Travel|Мedia & Communication,Ранний рост|Посевная,Инвестиции|Тематические мероприятия (нетворкинг)|Обучение (образовательные программы)|Ментор/ консультант для поддержки развития бизнеса |Поддержка по юридическим / бухгалтерским вопросам |Маркетинг и продвижение |Помощь в выходе на международный рынок|Доступ к потенциальным заказчикам,3D моделирование|AR/VR|Big Data|Аддитивные технологии|Беспилотники|Биометрия|Биотехнологии|Блокчейн|Зеленые технологии|Интернет вещей|Искусственный интеллект и машинное обучение|Компьютерное зрение|Нанотехнологии|Нейротехнологии|Новые и портативные источники энергии|Новые материалы|Робототехника,0.0,https://winno.ru/
126,Акселерационная программа IBS,Transport & Logistics|PropTech|IndustrialTech|HRTech|FinTech,Ранний рост|Расширение|Посевная,Тематические мероприятия (нетворкинг)|Обучение (образовательные программы)|Ментор/ консультант для поддержки развития бизнеса |Маркетинг и продвижение |Доступ к потенциальным заказчикам,Интернет вещей|Искусственный интеллект и машинное обучение|Компьютерное зрение,2.0,https://ibs.sk.ru/
127,Акселератор ВкусВилл,FoodTech,Идея,"Тестирование продукта |Доступ к потенциальным заказчикам|Финансовая поддержка (субсидии, гранты и т.п.)",3D моделирование|AR/VR|Big Data|Аддитивные технологии|Беспилотники|Биометрия|Биотехнологии|Блокчейн|Зеленые технологии|Интернет вещей|Искусственный интеллект и машинное обучение|Компьютерное зрение|Нанотехнологии|Нейротехнологии|Новые и портативные источники энергии|Новые материалы|Робототехника,0.0,https://challenge-vkusvill.ru/
128,Акселератор ВТБ,Cybersecurity|LegalTech|HRTech|Business Software|RetailTech|FinTech,Ранний рост,"Тематические мероприятия (нетворкинг)|Ментор/ консультант для поддержки развития бизнеса |Тестирование продукта |Маркетинг и продвижение |Доступ к потенциальным заказчикам|Финансовая поддержка (субсидии, гранты и т.п.)",Big Data|Биометрия|Интернет вещей|Искусственный интеллект и машинное обучение,2.0,https://startup.vtb.ru/ 
129,Бизнес-акселератор Росатома,IndustrialTech|CleanTech|Healthcare,Посевная,"Тематические мероприятия (нетворкинг)|Ментор/ консультант для поддержки развития бизнеса |Доступ к потенциальным заказчикам|Финансовая поддержка (субсидии, гранты и т.п.)|Доступ к оборудованию/ лаборатории / облачным сервисам",3D моделирование|Аддитивные технологии|Новые и портативные источники энергии|Робототехника,1.0,https://ih.rosatom.ru/
130,Moscow Travel Factory,Travel,Идея|Посевная,Тематические мероприятия (нетворкинг)|Обучение (образовательные программы)|Ментор/ консультант для поддержки развития бизнеса |Маркетинг и продвижение |Доступ к потенциальным заказчикам|Доступ к оборудованию/ лаборатории / облачным сервисам,3D моделирование|AR/VR|Big Data|Аддитивные технологии|Беспилотники|Биометрия|Биотехнологии|Блокчейн|Зеленые технологии|Интернет вещей|Искусственный интеллект и машинное обучение|Компьютерное зрение|Нанотехнологии|Нейротехнологии|Новые и портативные источники энергии|Новые материалы|Робототехника,1.0,https://travelhub.moscow/factory/
131,Акселератор РЖД 2021,Transport & Logistics,Ранний рост|Посевная,Ментор/ консультант для поддержки развития бизнеса |Консультационная поддержка по развитию бизнеса|Доступ к потенциальным заказчикам|Доступ к оборудованию/ лаборатории / облачным сервисам,Big Data|Беспилотники|Интернет вещей|Искусственный интеллект и машинное обучение|Новые материалы|Робототехника,2.0,https://accelerator.rzd.ru/
132,GoGlobal ,EdTech|Advertising & Marketing,Ранний рост,Тематические мероприятия (нетворкинг)|Обучение (образовательные программы)|Ментор/ консультант для поддержки развития бизнеса |Помощь в выходе на международный рынок,AR/VR|Интернет вещей|Искусственный интеллект и машинное обучение,0.0,https://goglobal.moscow-export.com/
133,Global Partners Program,AgroTech|Transport & Logistics|PropTech|CleanTech|FoodTech,Ранний рост,Тематические мероприятия (нетворкинг)|Ментор/ консультант для поддержки развития бизнеса |Помощь в выходе на международный рынок|Доступ к потенциальным заказчикам,Беспилотники|Биометрия|Интернет вещей|Искусственный интеллект и машинное обучение|Компьютерное зрение|Новые и портативные источники энергии|Новые материалы|Робототехника,2.0,https://www.moscow-export.com/global-partners-program/
134,Акселератор Контура,EdTech|HRTech|Healthcare,Ранний рост|Идея|Посевная,Тематические мероприятия (нетворкинг)|Обучение (образовательные программы)|Ментор/ консультант для поддержки развития бизнеса ,Big Data,0.0,https://kontur.ru/lp/accelerator
135,Московский акселератор. Трек AI FACTORY,Cybersecurity|EdTech|IndustrialTech|HRTech,Ранний рост|Посевная,Тематические мероприятия (нетворкинг)|Обучение (образовательные программы)|Ментор/ консультант для поддержки развития бизнеса |Тестирование продукта |Программа постсопровождения,3D моделирование|Big Data|Аддитивные технологии|Интернет вещей|Искусственный интеллект и машинное обучение|Компьютерное зрение|Нейротехнологии|Новые материалы,1.0,https://i.moscow/moskovskiy-akselerator/aifactory
136,Акселератор сферы услуг МБМ,Consumer Goods & Services,Ранний рост|Расширение,Тематические мероприятия (нетворкинг)|Обучение (образовательные программы)|Ментор/ консультант для поддержки развития бизнеса ,3D моделирование|AR/VR|Big Data|Аддитивные технологии|Беспилотники|Биометрия|Биотехнологии|Блокчейн|Зеленые технологии|Интернет вещей|Искусственный интеллект и машинное обучение|Компьютерное зрение|Нанотехнологии|Нейротехнологии|Новые и портативные источники энергии|Новые материалы|Робототехника,1.0,https://mbm.mos.ru/education/biznes-akselerator/akselerator-sfery-uslug
137,Акселератор MTS StartUp Hub Клиентские сервисы,Business Software,Ранний рост|Посевная,Инвестиции|Обучение (образовательные программы)|Ментор/ консультант для поддержки развития бизнеса |Тестирование продукта |Поддержка по юридическим / бухгалтерским вопросам |Доступ к потенциальным заказчикам|Помещение для аренды офиса|Доступ к оборудованию/ лаборатории / облачным сервисам,Big Data,2.0,https://startup.mts.ru/
138,Физтех.Старт,AgroTech|Cybersecurity|EdTech|Transport & Logistics|SpaceTech|PropTech|Telecom|IndustrialTech|Gaming|SportTech|InsuranceTech|LegalTech|FashionTech|HRTech|Business Software|Advertising & Marketing|Consumer Goods & Services|RetailTech|SafetyTech|CleanTech|E-commerce|Entertainment|FinTech|FoodTech|Healthcare|Travel|Мedia & Communication,Ранний рост|Посевная,Тематические мероприятия (нетворкинг)|Обучение (образовательные программы)|Ментор/ консультант для поддержки развития бизнеса |Маркетинг и продвижение |Помощь в выходе на международный рынок,3D моделирование|AR/VR|Big Data|Аддитивные технологии|Беспилотники|Биометрия|Биотехнологии|Блокчейн|Зеленые технологии|Интернет вещей|Искусственный интеллект и машинное обучение|Компьютерное зрение|Нанотехнологии|Нейротехнологии|Новые и портативные источники энергии|Новые материалы|Робототехника,1.0,http://te-mipt.ru/accel#rec208205984
139,Формула IT ,Cybersecurity|EdTech|PropTech|Advertising & Marketing|RetailTech|FinTech,Идея|Посевная,Тематические мероприятия (нетворкинг)|Обучение (образовательные программы)|Ментор/ консультант для поддержки развития бизнеса |Помощь в формировании команды|Маркетинг и продвижение |Доступ к потенциальным заказчикам,Big Data|Интернет вещей|Искусственный интеллект и машинное обучение|Робототехника,1.0,https://www.logavc.com/formulait
140,MineTech 2021,IndustrialTech,Расширение|Идея|Посевная,Тематические мероприятия (нетворкинг)|Ментор/ консультант для поддержки развития бизнеса |Тестирование продукта |Доступ к потенциальным заказчикам,3D моделирование|AR/VR|Big Data|Аддитивные технологии|Беспилотники|Интернет вещей|Искусственный интеллект и машинное обучение|Новые материалы|Робототехника,2.0,https://minetech.sk.ru/
141,Green Tech  Startup Booster,CleanTech,Ранний рост|Идея|Посевная,"Ментор/ консультант для поддержки развития бизнеса |Тестирование продукта |Помощь в выходе на международный рынок|Доступ к потенциальным заказчикам|Финансовая поддержка (субсидии, гранты и т.п.)",Big Data|Зеленые технологии|Новые и портативные источники энергии|Новые материалы,1.0,https://greentech.sk.ru/; https://i.moscow/tech_contests/greentech
142,Акселератор креативных индустрий Created in Moscow,FashionTech,Ранний рост,Обучение (образовательные программы)|Ментор/ консультант для поддержки развития бизнеса |Доступ к потенциальным заказчикам|Программа постсопровождения,AR/VR,2.0,https://a2.createdin.moscow/#program
143,Московский акселератор. Трек Transport&Mobility,EdTech|Transport & Logistics|CleanTech|E-commerce,Ранний рост|Посевная,Тематические мероприятия (нетворкинг)|Обучение (образовательные программы)|Ментор/ консультант для поддержки развития бизнеса |Тестирование продукта |Программа постсопровождения,3D моделирование|AR/VR|Big Data|Беспилотники|Зеленые технологии|Искусственный интеллект и машинное обучение,1.0,https://i.moscow/moskovskiy-akselerator/aifactory
144,Экспортный акселератор Tech Export to India,AgroTech|Transport & Logistics|Business Software|RetailTech|Healthcare,Ранний рост|Посевная,Ментор/ консультант для поддержки развития бизнеса |Помощь в выходе на международный рынок|Доступ к потенциальным заказчикам,AR/VR|Беспилотники|Биометрия|Искусственный интеллект и машинное обучение|Новые и портативные источники энергии|Робототехника,0.0,https://moscow-export.com/gva-india/
145,MUIV.LAB,AgroTech|Cybersecurity|EdTech|Transport & Logistics|SpaceTech|PropTech|Telecom|IndustrialTech|Gaming|SportTech|InsuranceTech|LegalTech|FashionTech|HRTech|Business Software|Advertising & Marketing|Consumer Goods & Services|RetailTech|SafetyTech|CleanTech|E-commerce|Entertainment|FinTech|FoodTech|Healthcare|Travel|Мedia & Communication,Посевная,Инвестиции|Тематические мероприятия (нетворкинг)|Обучение (образовательные программы)|Ментор/ консультант для поддержки развития бизнеса |Доступ к потенциальным заказчикам,3D моделирование|AR/VR|Big Data|Аддитивные технологии|Беспилотники|Биометрия|Биотехнологии|Блокчейн|Зеленые технологии|Интернет вещей|Искусственный интеллект и машинное обучение|Компьютерное зрение|Нанотехнологии|Нейротехнологии|Новые и портативные источники энергии|Новые материалы|Робототехника,1.0,https://muivlab.ru/lp/event/
146,Data Explorer,,Посевная,"Тематические мероприятия (нетворкинг)|Обучение (образовательные программы)|Ментор/ консультант для поддержки развития бизнеса |Тестирование продукта |Финансовая поддержка (субсидии, гранты и т.п.)",Big Data|Искусственный интеллект и машинное обучение,2.0,https://techexplorer.sk.ru/dataexplorer/
147,Акселератор Транспортные инновации Москвы,Transport & Logistics|SafetyTech|CleanTech,Ранний рост|Посевная,Тематические мероприятия (нетворкинг)|Обучение (образовательные программы)|Ментор/ консультант для поддержки развития бизнеса |Тестирование продукта ,Беспилотники|Биометрия|Искусственный интеллект и машинное обучение|Робототехника,1.0,https://www.ftim.ru/
148,MTS AI,Telecom,Идея|Посевная,Инвестиции|Тематические мероприятия (нетворкинг)|Обучение (образовательные программы)|Ментор/ консультант для поддержки развития бизнеса |Доступ к потенциальным заказчикам,Искусственный интеллект и машинное обучение,2.0,https://aicenter.mts.ru/
149,MGNTech,EdTech|PropTech|LegalTech|HRTech|Advertising & Marketing|RetailTech|CleanTech|E-commerce|FinTech|FoodTech,Ранний рост|Посевная,Тестирование продукта |Консультационная поддержка по развитию бизнеса|Доступ к потенциальным заказчикам,3D моделирование|AR/VR|Big Data|Биотехнологии|Зеленые технологии|Искусственный интеллект и машинное обучение|Компьютерное зрение|Новые материалы|Робототехника,2.0,https://mgntech.sk.ru/
150,МКБ Реактор ,FinTech,Посевная,"Тематические мероприятия (нетворкинг)|Ментор/ консультант для поддержки развития бизнеса |Тестирование продукта |Финансовая поддержка (субсидии, гранты и т.п.)",Big Data|Блокчейн|Искусственный интеллект и машинное обучение,2.0,http://mkbreactor.ru/
151,"Акселератор Московского центра инноваций в здравоохранении и сети клиник ""Медси""",Healthcare,Посевная,"Обучение (образовательные программы)|Тестирование продукта |Финансовая поддержка (субсидии, гранты и т.п.)|Доступ к оборудованию/ лаборатории / облачным сервисам|Проведение исследований / испытаний ",Big Data|Искусственный интеллект и машинное обучение,1.0,https://medtech.moscow/accelerator
152,Московский акселератор. Трек Digital Health,Healthcare,Ранний рост|Посевная,Тематические мероприятия (нетворкинг)|Обучение (образовательные программы)|Ментор/ консультант для поддержки развития бизнеса |Тестирование продукта |Программа постсопровождения,Big Data|Искусственный интеллект и машинное обучение,1.0,https://i.moscow/moskovskiy-akselerator/digital-health
153,Экспортный акселератор Деловой среды,Consumer Goods & Services|FoodTech|Healthcare,Расширение,Тематические мероприятия (нетворкинг)|Обучение (образовательные программы),3D моделирование|AR/VR|Big Data|Аддитивные технологии|Беспилотники|Биометрия|Биотехнологии|Блокчейн|Зеленые технологии|Интернет вещей|Искусственный интеллект и машинное обучение|Компьютерное зрение|Нанотехнологии|Нейротехнологии|Новые и портативные источники энергии|Новые материалы|Робототехника,1.0,https://my.dasreda.ru/export-akselerator
154,Преакселератор АРФГ 2021,FinTech,Идея|Посевная,Тематические мероприятия (нетворкинг)|Обучение (образовательные программы)|Ментор/ консультант для поддержки развития бизнеса ,3D моделирование|AR/VR|Big Data|Аддитивные технологии|Беспилотники|Биометрия|Биотехнологии|Блокчейн|Зеленые технологии|Интернет вещей|Искусственный интеллект и машинное обучение|Компьютерное зрение|Нанотехнологии|Нейротехнологии|Новые и портативные источники энергии|Новые материалы|Робототехника,2.0,http://fintech-lab.ru/fincubator
155,Акселератор MTS StartUp Hub Умный дом,PropTech,Ранний рост|Посевная,Инвестиции|Обучение (образовательные программы)|Ментор/ консультант для поддержки развития бизнеса |Тестирование продукта |Поддержка по юридическим / бухгалтерским вопросам |Доступ к потенциальным заказчикам|Помещение для аренды офиса|Доступ к оборудованию/ лаборатории / облачным сервисам,AR/VR|Интернет вещей,2.0,https://startup.mts.ru/
156,ED2,EdTech|HRTech,Ранний рост|Посевная,Обучение (образовательные программы)|Ментор/ консультант для поддержки развития бизнеса |Тестирование продукта |Доступ к потенциальным заказчикам,3D моделирование|AR/VR|Big Data|Аддитивные технологии|Беспилотники|Биометрия|Биотехнологии|Блокчейн|Зеленые технологии|Интернет вещей|Искусственный интеллект и машинное обучение|Компьютерное зрение|Нанотехнологии|Нейротехнологии|Новые и портативные источники энергии|Новые материалы|Робототехника,0.0,http://ed2.tech/
157,Экспортеры 2.0,AgroTech|Cybersecurity|EdTech|Transport & Logistics|SpaceTech|PropTech|Telecom|IndustrialTech|Gaming|SportTech|InsuranceTech|LegalTech|FashionTech|HRTech|Business Software|Advertising & Marketing|Consumer Goods & Services|RetailTech|SafetyTech|CleanTech|E-commerce|Entertainment|FinTech|FoodTech|Healthcare|Travel|Мedia & Communication,Расширение,Обучение (образовательные программы)|Ментор/ консультант для поддержки развития бизнеса |Помощь в выходе на международный рынок,3D моделирование|AR/VR|Big Data|Аддитивные технологии|Беспилотники|Биометрия|Биотехнологии|Блокчейн|Зеленые технологии|Интернет вещей|Искусственный интеллект и машинное обучение|Компьютерное зрение|Нанотехнологии|Нейротехнологии|Новые и портативные источники энергии|Новые материалы|Робототехника,1.0,https://www.skolkovo.ru/programmes/eksportery-2-0/
158,Акселератор Спринт,EdTech|Gaming|Business Software|Healthcare,Ранний рост|Посевная,Тематические мероприятия (нетворкинг)|Обучение (образовательные программы)|Консультационная поддержка по развитию бизнеса|Помещение для аренды офиса,3D моделирование|AR/VR|Big Data|Биометрия|Интернет вещей|Искусственный интеллект и машинное обучение|Компьютерное зрение|Нейротехнологии,,https://sprint.iidf.ru/
159,Privacy Accelerator,Cybersecurity|LegalTech|Мedia & Communication,Посевная,Тематические мероприятия (нетворкинг)|Обучение (образовательные программы)|Ментор/ консультант для поддержки развития бизнеса |Маркетинг и продвижение ,3D моделирование|AR/VR|Big Data|Аддитивные технологии|Беспилотники|Биометрия|Биотехнологии|Блокчейн|Зеленые технологии|Интернет вещей|Искусственный интеллект и машинное обучение|Компьютерное зрение|Нанотехнологии|Нейротехнологии|Новые и портативные источники энергии|Новые материалы|Робототехника,0.0,https://privacyaccelerator.org/
160,Инновационный бизнес-навигатор,CleanTech,Расширение,"Обучение (образовательные программы)|Финансовая поддержка (субсидии, гранты и т.п.)",3D моделирование|AR/VR|Big Data|Аддитивные технологии|Беспилотники|Биометрия|Биотехнологии|Блокчейн|Зеленые технологии|Интернет вещей|Искусственный интеллект и машинное обучение|Компьютерное зрение|Нанотехнологии|Нейротехнологии|Новые и портативные источники энергии|Новые материалы|Робототехника,1.0,https://business-navi.ru/accelerator
161,Game Drive,Gaming,Ранний рост,Инвестиции|Тематические мероприятия (нетворкинг)|Консультационная поддержка по развитию бизнеса,3D моделирование|AR/VR|Big Data|Аддитивные технологии|Беспилотники|Биометрия|Биотехнологии|Блокчейн|Зеленые технологии|Интернет вещей|Искусственный интеллект и машинное обучение|Компьютерное зрение|Нанотехнологии|Нейротехнологии|Новые и портативные источники энергии|Новые материалы|Робототехника,2.0,https://mgvc.com/gamedrive
162,Акселератор дорожной отрасли,Transport & Logistics,Ранний рост|Расширение|Идея|Посевная,Обучение (образовательные программы)|Тестирование продукта |Консультационная поддержка по развитию бизнеса|Доступ к потенциальным заказчикам,Беспилотники|Искусственный интеллект и машинное обучение|Компьютерное зрение|Новые материалы,1.0,https://foundrdo.ru/
